Subject,Other names,Other,Link
art,,,Not available 
biology,bio,,Not available
chemistry,chem,,Not available
china studies in english,cse,china studies,Not available
computing,cp,,Not available. Refer to google classroom
economics,econs,,Not available. Only available on SLS
further mathematics,f math,further math,Not available
geography,geog,,Not available
general paper,gp,english,https://sites.google.com/vjc.sg/gps-students2021/welcome-to-vjc-gp
history,,,Not available
literature,lit,,Not available
mathematics,math,maths,https://drive.google.com/drive/folders/1jbRG7YdlfqVL17xSDnSLcNAoW1SkSGO6?usp=share_link
physics,,,https://drive.google.com/drive/folders/13BCcLyzFsPZljNcI0VBIqeg7WtMQDbor?usp=share_link
theatre studies and drama,tsd,theatre studies,Not available
